text_comment,publish_data,sentiment,score
"–ù–µ–≤–æ–∑–º–æ–∂–Ω–æ —Å–º–æ—Ç—Ä–µ—Ç—å —Ç–µ—Ö–Ω–∏—á–µ—Å–∫–∏–µ –≤–æ–ø—Ä–æ—Å—ã –∫–æ–≥–¥–∞ —Ç–∞–∫–∞—è –∑–∞–π–∫–∞ —Ä–∞—Å—Å–∫–∞–∑—ã–≤–∞–µ—Ç, –ª—É—á—à–µ –∫—Ä—É—Ç–∏—Ç–µ –±–æ–ª—å—à–µ –≤–∏–¥–µ–æ –±–µ–∑ —Å–≤–æ–µ–≥–æ –æ–±—Ä–∞–∑–∞ üòäüòäüòä",2023-12-01T01:02:16Z,neutral,0.8751587867736816
—Ö–æ—á—É –±—ã—Ç—å —Ç–≤–æ–∏–º –¥–∂—É–Ω–∏–æ—Ä–æ–º,2023-11-28T23:58:40Z,neutral,0.6435942649841309
–ø–æ—Å—Ç—Ä–æ–π–Ω–µ–ª–∞ü•∞,2023-11-27T15:57:48Z,neutral,0.4750782251358032
–°—É–ø–µ—Ä üí•,2023-11-27T13:05:04Z,positive,0.9925204515457153
–û—Ç–ø–∏—Å—ã–≤–∞—é—Å—å –æ—Ç –∫–∞–Ω–∞–ª–∞...,2023-11-27T12:40:54Z,neutral,0.8234341144561768
"–†–∞–∑–∞—á–∞—Ä–æ–≤–∞–Ω —É—Ä–æ–∫–æ–º, –Ω–µ –ø–æ–Ω—è—Ç–Ω–æ api YouTube —Ä–∞–±–æ—Ç–∞–µ—Ç —Ç–æ–ª—å–∫–æ –ø–æ –æ—Ç–Ω–æ—à–µ–Ω–∏–∏ –∫ —Å–≤–æ–∏–º —Ä–æ–ª–∏–∫–∞–º –∏–ª–∏ –∫ –ª—é–±—ã–º?   –ü–ª–æ—Ö–æ –≤–∏–¥–Ω–æ –∫–æ–¥, —Ç—è–∂–∫–æ –ø–µ—Ä–µ–ø–µ—á–∞—Ç—ã–≤–∞—Ç—å.  –í –∫–æ–¥–µ —á–∞—Å—Ç–æ –∏—Å–ø—Ä–∞–≤–ª—è—é—Ç—Å—è –æ–ø–µ—á–∞—Ç–∫–∏ –∏ –Ω–µ—Ç–æ—á–Ω–æ—Å—Ç–∏ –∏ –¥–µ–ª–∞–µ—Ç—Å—è —ç—Ç–æ —Ç–∞–∫ –±—ã—Å—Ç—Ä–æ —á—Ç–æ –Ω–µ —É—Å–ø–µ–≤–∞–µ—à—å –æ–±—Ä–∞—Ç–∏—Ç—å –Ω–∞ —ç—Ç–æ –≤–Ω–∏–º–∞–Ω–∏–µ",2023-11-27T12:40:38Z,neutral,0.6811333298683167
–ì–¥–µ –∫–æ–¥ –∫ –≤–∏–¥–µ–æ? –ü–æ–ª—É—á–∞—é –æ—à–∏–±–∫—É 500,2023-11-27T11:09:49Z,neutral,0.9025143384933472
–ë–æ–ª—å—à–µ –∞–º–µ—Ä–∏–∫–∞–Ω–∏–∑–º–æ–≤ –≤ —Ä–µ—á–∏!!!! –ë–æ–ª—å—à–µ!!!!!! –ë–û–õ–¨–®–ï!!!!!!!!!!!!!!!!!!!!!!!!!!!!!!!,2023-11-27T08:11:20Z,negative,0.759306013584137
–ü–æ—á–µ–º—É –∞–ø–∏ –∫–ª—é—á –Ω–µ –∑–∞–º–∞–∑–∞–ª–∏?,2023-11-26T23:16:19Z,neutral,0.8287255764007568
–ö—Ä–∞—Å–æ—Ç–∫–∞ –∏ —É–º–Ω–∏—á–∫–∞! –ò –≥–ª–∞–∑—É –ø—Ä–∏—è—Ç–Ω–æ –∏ –º–æ–∑–≥—É —Ä–∞–∑–º–∏–Ω–∫–∞! –°–ø–∞—Å–∏–±–æ!,2023-11-26T19:51:12Z,positive,0.9921693205833435
0:07 –∞–Ω–∞–ª–∏–∑–∏—Ä–æ–≤–∞—Ç—å –∞–Ω–∞–ª–∏–∑. üòÇüòÇüòÇ,2023-11-26T16:17:43Z,neutral,0.9001852869987488
"–°–ø–∞—Å–∏–±–æ –∑–∞ –≤–∏–¥–µ–æ!  –í–æ–∑–Ω–∏–∫ –≤–æ–ø—Ä–æ—Å, —Ä–∞–±–æ—Ç–∞ –º–æ–¥–µ–ª–∏ —ç—Ç–æ –∂–µ cpu bound –∑–∞–¥–∞—á–∞ –∏ –ø–æ–ª—É—á–∞–µ—Ç—Å—è –ø–æ–∫–∞ API  –≤—ã–ø–æ–ª–Ω—è–µ—Ç —ç—Ç–æ—Ç –∑–∞–ø—Ä–æ—Å, –∏–≥–Ω–æ—Ä–∏—Ä—É–µ—Ç –æ—Å—Ç–∞–ª—å–Ω—ã–µ –∑–∞–ø—Ä–æ—Å—ã? –û–±—ã—á–Ω–æ post –∑–∞–ø—Ä–æ—Å—ã –∏—Å–ø–æ–ª—å–∑—É—é—Ç—Å—è, –∫–æ–≥–¥–∞ –º—ã –ø–µ—Ä–µ–¥–∞—ë–º –∫–∞–∫–∏–µ-–ª–∏–±–æ –¥–∞–Ω–Ω—ã–µ –Ω–∞ —Å–µ—Ä–≤–µ—Ä, –∞  get –∑–∞–ø—Ä–æ—Å—ã, –∫–æ–≥–¥–∞ —Ö–æ—Ç–∏–º –ø–æ–ª—É—á–∏—Ç—å.",2023-11-26T13:49:05Z,neutral,0.7862656116485596
–ú–æ—â–Ω–æ-–ø–æ–ª–µ–∑–Ω–æ),2023-11-26T13:21:12Z,positive,0.8919801115989685
"–ó–¥—Ä–∞–≤—Å—Ç–≤—É–π—Ç–µ. –ü–æ–¥—Å–∫–∞–∂–∏—Ç–µ, –ø–æ–∂–∞–ª—É–π—Å—Ç–∞, –º–æ–∂–Ω–æ –ª–∏ —Å–æ–∑–¥–∞—Ç—å –∞–ø–ø–∫—É, –∫–æ—Ç–æ—Ä–∞—è –±—É–¥–µ—Ç –æ–±–ª–∞–¥–∞—Ç—å —á—É–≤—Å—Ç–≤–æ–º —é–º–æ—Ä–∞?  –ù–∞–ø—Ä–∏–º–µ—Ä, –≤ –≤–∞—à–µ–º –ø—Ä–∏–º–µ—Ä–µ –æ—Ç—Ñ–∏–ª—å—Ç—Ä–æ–≤–∞—Ç—å –ø–æ —Å–∞–º—ã–º —Å–º–µ—à–Ω—ã–º –∫–æ–º–º–µ–Ω—Ç–∞—Ä–∏—è–º.",2023-11-26T13:07:17Z,neutral,0.8215868473052979
–°—É–ø–µ—Ä –≤–∏–¥–µ–æ! –ó–∞–∏–Ω—Ç–µ—Ä–µ—Å–æ–≤–∞–ª Hugging Face. –ë—ã–ª–æ –±—ã –∫—Ä—É—Ç–æ —É–≤–∏–¥–µ—Ç—å –±–æ–ª—å—à–µ –æ –Ω–µ–º –≤ —Å–ª–µ–¥—É—é—â–∏—Ö —Ä–æ–ª–∏–∫–∞—Ö! üëç,2023-11-26T12:48:41Z,positive,0.9842871427536011
–ì–æ–ª–æ—Å –∞–Ω–≥–µ–ª—å—Å–∫–∏–π,2023-11-26T12:34:23Z,neutral,0.7884364724159241
"–ê–Ω–∞—Å—Ç–∞—Å–∏—è, –∫–∞–∫ –≤—Å–µ–≥–¥–∞, –≤—Å—ë –ø–æ–Ω—è—Ç–Ω–æ —Ä–∞—Å—Å–∫–∞–∑–∞–ª–∏. –°–ø–∞—Å–∏–±–æ!",2023-11-26T12:27:01Z,positive,0.9483796954154968
–ë–æ–ª—å—à–æ–µ —Å–ø–∞—Å–∏–±–æ –∑–∞ –æ—á–µ—Ä–µ–¥–Ω–æ–π –≤–∏–¥–æ—Å!,2023-11-26T12:26:37Z,positive,0.8913893699645996
–í –≥–∏—Ç—Ö–∞–± - (–ª–∞–±) –º–æ–∂–µ—à—å –∑–∞–∫–∏–Ω—É—Ç—å –∫–æ–¥ ? :),2023-11-26T12:03:46Z,neutral,0.8596287369728088
–°–ø–∞—Å–∏–±–æ –∑–∞ –≤–∏–¥–æ—Å. –ê —á—Ç–æ –∑–∞ IDE—à–∫–∞ ?,2023-11-26T11:35:25Z,neutral,0.5026861429214478
–ë—ã–ª–æ –±—ã –∏–Ω—Ç–µ—Ä–µ—Å–Ω–æ –ø–æ—Å–º–æ—Ç—Ä–µ—Ç—å —É—Ä–æ–∫ –∫–∞–∫ —Å–¥–µ–ª–∞—Ç—å –ø—Ä–∏–ª–æ–∂–µ–Ω–∏–µ –ø–∞—Ä—Å–µ—Ä –Ω–∞ –ø–∏—Ç–æ–Ω–µ —Å –∏–Ω—Ç–µ—Ä—Ñ–µ–π—Å–æ–º,2023-11-26T10:43:58Z,neutral,0.89149010181427
–ö–∞–π—Ñ!,2023-11-26T10:43:54Z,positive,0.7305277585983276
